-- phpMyAdmin SQL Dump
-- version 4.9.0.1
-- https://www.phpmyadmin.net/
--
-- Host: 127.0.0.1
-- Generation Time: Oct 29, 2019 at 09:26 AM
-- Server version: 10.3.16-MariaDB
-- PHP Version: 7.3.7

SET SQL_MODE = "NO_AUTO_VALUE_ON_ZERO";
SET AUTOCOMMIT = 0;
START TRANSACTION;
SET time_zone = "+00:00";


/*!40101 SET @OLD_CHARACTER_SET_CLIENT=@@CHARACTER_SET_CLIENT */;
/*!40101 SET @OLD_CHARACTER_SET_RESULTS=@@CHARACTER_SET_RESULTS */;
/*!40101 SET @OLD_COLLATION_CONNECTION=@@COLLATION_CONNECTION */;
/*!40101 SET NAMES utf8mb4 */;

--
-- Database: `vidatech_oilxag`
--

-- --------------------------------------------------------

--
-- Table structure for table `announcement`
--

CREATE TABLE `announcement` (
  `announce_id` int(255) NOT NULL,
  `announce_message` varchar(25000) NOT NULL,
  `announce_showThis` int(2) NOT NULL,
  `announce_dateCreated` timestamp NOT NULL DEFAULT current_timestamp(),
  `announce_lastUpdated` timestamp NOT NULL DEFAULT current_timestamp() ON UPDATE current_timestamp()
) ENGINE=InnoDB DEFAULT CHARSET=latin1;

--
-- Dumping data for table `announcement`
--

INSERT INTO `announcement` (`announce_id`, `announce_message`, `announce_showThis`, `announce_dateCreated`, `announce_lastUpdated`) VALUES
(1, 'Thanks for joining us, We welcome u to our journey', 1, '2019-08-14 04:17:07', '2019-08-14 06:58:37'),
(2, 'Have A nice day ! Fizo', 1, '2019-08-14 04:29:46', '2019-08-14 06:58:21'),
(3, 'Welcome To Oilxag People', 1, '2019-08-14 06:24:43', '2019-08-15 02:01:14'),
(4, 'Mun cun  eeedsafafasdfasd', 0, '2019-08-15 02:01:49', '2019-08-15 02:24:18'),
(5, 'asdsdaasdccc vvvvvvvv', 0, '2019-08-15 02:26:06', '2019-08-15 02:26:17'),
(6, 'lyon is noob team', 1, '2019-08-15 02:26:24', '2019-08-28 06:27:42'),
(7, 'GuangZhou Evergrande BIG BIG!!', 1, '2019-08-28 06:27:16', '2019-09-11 14:57:28'),
(8, 'lalala', 0, '2019-09-10 09:23:39', '2019-09-10 09:23:47'),
(9, 'dadada', 0, '2019-09-10 09:24:04', '2019-09-10 09:24:10');

-- --------------------------------------------------------

--
-- Table structure for table `bonus`
--

CREATE TABLE `bonus` (
  `id` bigint(20) NOT NULL,
  `referrer_id` varchar(255) NOT NULL COMMENT 'the uid of the person that intro this user',
  `referral_id` varchar(255) NOT NULL COMMENT 'the uid of the person that gets invited to join this platform',
  `referral_name` varchar(255) NOT NULL,
  `current_level` int(100) NOT NULL,
  `top_referrer_id` varchar(100) NOT NULL COMMENT 'the topmost person''s uid',
  `date_created` timestamp NOT NULL DEFAULT current_timestamp(),
  `date_updated` timestamp NOT NULL DEFAULT current_timestamp() ON UPDATE current_timestamp()
) ENGINE=InnoDB DEFAULT CHARSET=utf8;

--
-- Dumping data for table `bonus`
--

INSERT INTO `bonus` (`id`, `referrer_id`, `referral_id`, `referral_name`, `current_level`, `top_referrer_id`, `date_created`, `date_updated`) VALUES
(1, 'dabdeb40d42d9d281ae442fcccd93895', '922297d52530e0d6f97cf74a1b809e9d', 'pogba', 1, 'dabdeb40d42d9d281ae442fcccd93895', '2019-10-07 22:14:35', '2019-10-13 19:05:03'),
(2, 'a1a2e99ddbdd69b25d8cfa08b2af049e', '92b7722e6804cf4b15c563ac5c9004b0', 'sergio', 1, 'a1a2e99ddbdd69b25d8cfa08b2af049e', '2019-10-07 22:22:47', '2019-10-13 19:05:19'),
(3, 'a1a2e99ddbdd69b25d8cfa08b2af049e', '46a679e1d54c1621f15f6891f757f828', 'pique', 1, 'a1a2e99ddbdd69b25d8cfa08b2af049e', '2019-10-07 22:23:26', '2019-10-13 19:06:05'),
(4, 'a1a2e99ddbdd69b25d8cfa08b2af049e', '810330430daf90a4dbefceb2cd9afe3b', 'roberto', 1, 'a1a2e99ddbdd69b25d8cfa08b2af049e', '2019-10-07 22:23:57', '2019-10-13 19:06:15'),
(5, '92b7722e6804cf4b15c563ac5c9004b0', '4346594e59924083d39554a6f2b76b04', 'rakitic', 2, 'a1a2e99ddbdd69b25d8cfa08b2af049e', '2019-10-07 22:24:34', '2019-10-13 19:07:01');

-- --------------------------------------------------------

--
-- Table structure for table `cash_to_point`
--

CREATE TABLE `cash_to_point` (
  `id` int(11) NOT NULL,
  `uid` varchar(100) NOT NULL,
  `name` varchar(100) NOT NULL,
  `point` int(255) NOT NULL,
  `date_create` timestamp(3) NOT NULL DEFAULT current_timestamp(3) ON UPDATE current_timestamp(3),
  `status` text NOT NULL
) ENGINE=InnoDB DEFAULT CHARSET=latin1;

--
-- Dumping data for table `cash_to_point`
--

INSERT INTO `cash_to_point` (`id`, `uid`, `name`, `point`, `date_create`, `status`) VALUES
(1, 'a1a2e99ddbdd69b25d8cfa08b2af049e', 'messi', 200, '2019-10-23 08:15:34.532', 'COMPLETED');

-- --------------------------------------------------------

--
-- Table structure for table `countries`
--

CREATE TABLE `countries` (
  `id` int(11) NOT NULL,
  `sortname` varchar(3) NOT NULL,
  `name` varchar(150) NOT NULL,
  `phonecode` int(11) NOT NULL
) ENGINE=InnoDB DEFAULT CHARSET=utf8;

--
-- Dumping data for table `countries`
--

INSERT INTO `countries` (`id`, `sortname`, `name`, `phonecode`) VALUES
(1, 'AF', 'Afghanistan', 93),
(2, 'AL', 'Albania', 355),
(3, 'DZ', 'Algeria', 213),
(4, 'AS', 'American Samoa', 1684),
(5, 'AD', 'Andorra', 376),
(6, 'AO', 'Angola', 244),
(7, 'AI', 'Anguilla', 1264),
(8, 'AQ', 'Antarctica', 672),
(9, 'AG', 'Antigua And Barbuda', 1268),
(10, 'AR', 'Argentina', 54),
(11, 'AM', 'Armenia', 374),
(12, 'AW', 'Aruba', 297),
(13, 'AU', 'Australia', 61),
(14, 'AT', 'Austria', 43),
(15, 'AZ', 'Azerbaijan', 994),
(16, 'BS', 'Bahamas The', 1242),
(17, 'BH', 'Bahrain', 973),
(18, 'BD', 'Bangladesh', 880),
(19, 'BB', 'Barbados', 1246),
(20, 'BY', 'Belarus', 375),
(21, 'BE', 'Belgium', 32),
(22, 'BZ', 'Belize', 501),
(23, 'BJ', 'Benin', 229),
(24, 'BM', 'Bermuda', 1441),
(25, 'BT', 'Bhutan', 975),
(26, 'BO', 'Bolivia', 591),
(27, 'BA', 'Bosnia and Herzegovina', 387),
(28, 'BW', 'Botswana', 267),
(29, 'BV', 'Bouvet Island', 0),
(30, 'BR', 'Brazil', 55),
(31, 'IO', 'British Indian Ocean Territory', 246),
(32, 'BN', 'Brunei', 673),
(33, 'BG', 'Bulgaria', 359),
(34, 'BF', 'Burkina Faso', 226),
(35, 'BI', 'Burundi', 257),
(36, 'KH', 'Cambodia', 855),
(37, 'CM', 'Cameroon', 237),
(38, 'CA', 'Canada', 1),
(39, 'CV', 'Cape Verde', 238),
(40, 'KY', 'Cayman Islands', 1345),
(41, 'CF', 'Central African Republic', 236),
(42, 'TD', 'Chad', 235),
(43, 'CL', 'Chile', 56),
(44, 'CN', 'China', 86),
(45, 'CX', 'Christmas Island', 61),
(46, 'CC', 'Cocos (Keeling) Islands', 672),
(47, 'CO', 'Colombia', 57),
(48, 'KM', 'Comoros', 269),
(49, 'CG', 'Republic Of The Congo', 242),
(50, 'CD', 'Democratic Republic Of The Congo', 242),
(51, 'CK', 'Cook Islands', 682),
(52, 'CR', 'Costa Rica', 506),
(53, 'CI', 'Cote D\'Ivoire (Ivory Coast)', 225),
(54, 'HR', 'Croatia (Hrvatska)', 385),
(55, 'CU', 'Cuba', 53),
(56, 'CY', 'Cyprus', 357),
(57, 'CZ', 'Czech Republic', 420),
(58, 'DK', 'Denmark', 45),
(59, 'DJ', 'Djibouti', 253),
(60, 'DM', 'Dominica', 1767),
(61, 'DO', 'Dominican Republic', 1809),
(62, 'TP', 'East Timor', 670),
(63, 'EC', 'Ecuador', 593),
(64, 'EG', 'Egypt', 20),
(65, 'SV', 'El Salvador', 503),
(66, 'GQ', 'Equatorial Guinea', 240),
(67, 'ER', 'Eritrea', 291),
(68, 'EE', 'Estonia', 372),
(69, 'ET', 'Ethiopia', 251),
(70, 'XA', 'External Territories of Australia', 61),
(71, 'FK', 'Falkland Islands', 500),
(72, 'FO', 'Faroe Islands', 298),
(73, 'FJ', 'Fiji Islands', 679),
(74, 'FI', 'Finland', 358),
(75, 'FR', 'France', 33),
(76, 'GF', 'French Guiana', 594),
(77, 'PF', 'French Polynesia', 689),
(78, 'TF', 'French Southern Territories', 0),
(79, 'GA', 'Gabon', 241),
(80, 'GM', 'Gambia The', 220),
(81, 'GE', 'Georgia', 995),
(82, 'DE', 'Germany', 49),
(83, 'GH', 'Ghana', 233),
(84, 'GI', 'Gibraltar', 350),
(85, 'GR', 'Greece', 30),
(86, 'GL', 'Greenland', 299),
(87, 'GD', 'Grenada', 1473),
(88, 'GP', 'Guadeloupe', 590),
(89, 'GU', 'Guam', 1671),
(90, 'GT', 'Guatemala', 502),
(91, 'XU', 'Guernsey and Alderney', 44),
(92, 'GN', 'Guinea', 224),
(93, 'GW', 'Guinea-Bissau', 245),
(94, 'GY', 'Guyana', 592),
(95, 'HT', 'Haiti', 509),
(96, 'HM', 'Heard and McDonald Islands', 0),
(97, 'HN', 'Honduras', 504),
(98, 'HK', 'Hong Kong S.A.R.', 852),
(99, 'HU', 'Hungary', 36),
(100, 'IS', 'Iceland', 354),
(101, 'IN', 'India', 91),
(102, 'ID', 'Indonesia', 62),
(103, 'IR', 'Iran', 98),
(104, 'IQ', 'Iraq', 964),
(105, 'IE', 'Ireland', 353),
(106, 'IL', 'Israel', 972),
(107, 'IT', 'Italy', 39),
(108, 'JM', 'Jamaica', 1876),
(109, 'JP', 'Japan', 81),
(110, 'XJ', 'Jersey', 44),
(111, 'JO', 'Jordan', 962),
(112, 'KZ', 'Kazakhstan', 7),
(113, 'KE', 'Kenya', 254),
(114, 'KI', 'Kiribati', 686),
(115, 'KP', 'Korea North', 850),
(116, 'KR', 'Korea South', 82),
(117, 'KW', 'Kuwait', 965),
(118, 'KG', 'Kyrgyzstan', 996),
(119, 'LA', 'Laos', 856),
(120, 'LV', 'Latvia', 371),
(121, 'LB', 'Lebanon', 961),
(122, 'LS', 'Lesotho', 266),
(123, 'LR', 'Liberia', 231),
(124, 'LY', 'Libya', 218),
(125, 'LI', 'Liechtenstein', 423),
(126, 'LT', 'Lithuania', 370),
(127, 'LU', 'Luxembourg', 352),
(128, 'MO', 'Macau S.A.R.', 853),
(129, 'MK', 'Macedonia', 389),
(130, 'MG', 'Madagascar', 261),
(131, 'MW', 'Malawi', 265),
(132, 'MY', 'Malaysia', 60),
(133, 'MV', 'Maldives', 960),
(134, 'ML', 'Mali', 223),
(135, 'MT', 'Malta', 356),
(136, 'XM', 'Man (Isle of)', 44),
(137, 'MH', 'Marshall Islands', 692),
(138, 'MQ', 'Martinique', 596),
(139, 'MR', 'Mauritania', 222),
(140, 'MU', 'Mauritius', 230),
(141, 'YT', 'Mayotte', 269),
(142, 'MX', 'Mexico', 52),
(143, 'FM', 'Micronesia', 691),
(144, 'MD', 'Moldova', 373),
(145, 'MC', 'Monaco', 377),
(146, 'MN', 'Mongolia', 976),
(147, 'MS', 'Montserrat', 1664),
(148, 'MA', 'Morocco', 212),
(149, 'MZ', 'Mozambique', 258),
(150, 'MM', 'Myanmar', 95),
(151, 'NA', 'Namibia', 264),
(152, 'NR', 'Nauru', 674),
(153, 'NP', 'Nepal', 977),
(154, 'AN', 'Netherlands Antilles', 599),
(155, 'NL', 'Netherlands The', 31),
(156, 'NC', 'New Caledonia', 687),
(157, 'NZ', 'New Zealand', 64),
(158, 'NI', 'Nicaragua', 505),
(159, 'NE', 'Niger', 227),
(160, 'NG', 'Nigeria', 234),
(161, 'NU', 'Niue', 683),
(162, 'NF', 'Norfolk Island', 672),
(163, 'MP', 'Northern Mariana Islands', 1670),
(164, 'NO', 'Norway', 47),
(165, 'OM', 'Oman', 968),
(166, 'PK', 'Pakistan', 92),
(167, 'PW', 'Palau', 680),
(168, 'PS', 'Palestinian Territory Occupied', 970),
(169, 'PA', 'Panama', 507),
(170, 'PG', 'Papua new Guinea', 675),
(171, 'PY', 'Paraguay', 595),
(172, 'PE', 'Peru', 51),
(173, 'PH', 'Philippines', 63),
(174, 'PN', 'Pitcairn Island', 0),
(175, 'PL', 'Poland', 48),
(176, 'PT', 'Portugal', 351),
(177, 'PR', 'Puerto Rico', 1787),
(178, 'QA', 'Qatar', 974),
(179, 'RE', 'Reunion', 262),
(180, 'RO', 'Romania', 40),
(181, 'RU', 'Russia', 70),
(182, 'RW', 'Rwanda', 250),
(183, 'SH', 'Saint Helena', 290),
(184, 'KN', 'Saint Kitts And Nevis', 1869),
(185, 'LC', 'Saint Lucia', 1758),
(186, 'PM', 'Saint Pierre and Miquelon', 508),
(187, 'VC', 'Saint Vincent And The Grenadines', 1784),
(188, 'WS', 'Samoa', 684),
(189, 'SM', 'San Marino', 378),
(190, 'ST', 'Sao Tome and Principe', 239),
(191, 'SA', 'Saudi Arabia', 966),
(192, 'SN', 'Senegal', 221),
(193, 'RS', 'Serbia', 381),
(194, 'SC', 'Seychelles', 248),
(195, 'SL', 'Sierra Leone', 232),
(196, 'SG', 'Singapore', 65),
(197, 'SK', 'Slovakia', 421),
(198, 'SI', 'Slovenia', 386),
(199, 'XG', 'Smaller Territories of the UK', 44),
(200, 'SB', 'Solomon Islands', 677),
(201, 'SO', 'Somalia', 252),
(202, 'ZA', 'South Africa', 27),
(203, 'GS', 'South Georgia', 0),
(204, 'SS', 'South Sudan', 211),
(205, 'ES', 'Spain', 34),
(206, 'LK', 'Sri Lanka', 94),
(207, 'SD', 'Sudan', 249),
(208, 'SR', 'Suriname', 597),
(209, 'SJ', 'Svalbard And Jan Mayen Islands', 47),
(210, 'SZ', 'Swaziland', 268),
(211, 'SE', 'Sweden', 46),
(212, 'CH', 'Switzerland', 41),
(213, 'SY', 'Syria', 963),
(214, 'TW', 'Taiwan', 886),
(215, 'TJ', 'Tajikistan', 992),
(216, 'TZ', 'Tanzania', 255),
(217, 'TH', 'Thailand', 66),
(218, 'TG', 'Togo', 228),
(219, 'TK', 'Tokelau', 690),
(220, 'TO', 'Tonga', 676),
(221, 'TT', 'Trinidad And Tobago', 1868),
(222, 'TN', 'Tunisia', 216),
(223, 'TR', 'Turkey', 90),
(224, 'TM', 'Turkmenistan', 7370),
(225, 'TC', 'Turks And Caicos Islands', 1649),
(226, 'TV', 'Tuvalu', 688),
(227, 'UG', 'Uganda', 256),
(228, 'UA', 'Ukraine', 380),
(229, 'AE', 'United Arab Emirates', 971),
(230, 'GB', 'United Kingdom', 44),
(231, 'US', 'United States', 1),
(232, 'UM', 'United States Minor Outlying Islands', 1),
(233, 'UY', 'Uruguay', 598),
(234, 'UZ', 'Uzbekistan', 998),
(235, 'VU', 'Vanuatu', 678),
(236, 'VA', 'Vatican City State (Holy See)', 39),
(237, 'VE', 'Venezuela', 58),
(238, 'VN', 'Vietnam', 84),
(239, 'VG', 'Virgin Islands (British)', 1284),
(240, 'VI', 'Virgin Islands (US)', 1340),
(241, 'WF', 'Wallis And Futuna Islands', 681),
(242, 'EH', 'Western Sahara', 212),
(243, 'YE', 'Yemen', 967),
(244, 'YU', 'Yugoslavia', 38),
(245, 'ZM', 'Zambia', 260),
(246, 'ZW', 'Zimbabwe', 263);

-- --------------------------------------------------------

--
-- Table structure for table `group_commission`
--

CREATE TABLE `group_commission` (
  `id` int(255) NOT NULL,
  `commission` decimal(30,2) NOT NULL,
  `level` int(3) DEFAULT NULL,
  `count` int(3) DEFAULT NULL COMMENT 'This is for number of referrals that the user has referred and has purchased a product',
  `description` varchar(5000) DEFAULT NULL,
  `transaction_type_id` int(255) NOT NULL,
  `date_created` timestamp NOT NULL DEFAULT current_timestamp(),
  `date_updated` timestamp NOT NULL DEFAULT current_timestamp() ON UPDATE current_timestamp()
) ENGINE=InnoDB DEFAULT CHARSET=utf8;

--
-- Dumping data for table `group_commission`
--

INSERT INTO `group_commission` (`id`, `commission`, `level`, `count`, `description`, `transaction_type_id`, `date_created`, `date_updated`) VALUES
(1, '8.00', 1, NULL, 'in percent', 2, '2019-07-25 09:17:37', '2019-07-25 09:25:28'),
(2, '8.00', 2, NULL, 'in percent', 2, '2019-07-25 09:18:42', '2019-08-08 06:07:13'),
(3, '6.00', 3, NULL, 'in percent', 2, '2019-07-25 09:18:42', '2019-08-08 06:07:15'),
(4, '6.00', 4, NULL, 'in percent', 2, '2019-07-25 09:18:42', '2019-08-08 06:07:17'),
(5, '4.00', 5, NULL, 'in percent', 2, '2019-07-25 09:18:42', '2019-08-08 06:07:19'),
(6, '4.00', 6, NULL, 'in percent', 2, '2019-07-25 09:18:42', '2019-08-08 06:07:20'),
(7, '2.00', 7, NULL, 'in percent', 2, '2019-07-25 09:18:42', '2019-08-08 06:07:31'),
(8, '2.00', 8, NULL, 'in percent', 2, '2019-07-25 09:18:42', '2019-08-08 06:07:33'),
(9, '1.00', 9, NULL, 'in percent', 2, '2019-07-25 09:18:43', '2019-07-25 09:25:36'),
(10, '5000.00', NULL, 1, 'in points (RM1 = 100).first referral.', 1, '2019-07-25 09:50:48', '2019-07-25 09:50:58'),
(11, '10000.00', NULL, 2, 'in points (RM1 = 100).second referral.', 1, '2019-07-25 09:53:00', '2019-07-25 09:53:36'),
(12, '15000.00', NULL, 3, 'in points (RM1 = 100).third referral.', 1, '2019-07-25 09:53:00', '2019-07-25 09:53:39'),
(13, '5000.00', NULL, 0, 'in points (RM1 = 100).subsequent referral.', 1, '2019-07-25 09:53:00', '2019-07-25 09:53:43'),
(14, '1.00', 10, NULL, 'in percent', 2, '2019-08-08 06:06:46', '2019-08-08 06:06:46');

-- --------------------------------------------------------

--
-- Table structure for table `images`
--

CREATE TABLE `images` (
  `pid` int(255) NOT NULL,
  `filename` varchar(255) COLLATE utf8_unicode_ci NOT NULL,
  `uploaded` timestamp NOT NULL DEFAULT current_timestamp() ON UPDATE current_timestamp(),
  `status` enum('1','0') COLLATE utf8_unicode_ci NOT NULL DEFAULT '1'
) ENGINE=InnoDB DEFAULT CHARSET=utf8 COLLATE=utf8_unicode_ci;

--
-- Dumping data for table `images`
--

INSERT INTO `images` (`pid`, `filename`, `uploaded`, `status`) VALUES
(130, 'messi1571735979.jpg', '2019-10-22 09:19:39', '1'),
(131, 'messi1572311393.jpg', '2019-10-29 01:09:53', '1');

-- --------------------------------------------------------

--
-- Table structure for table `money_type`
--

CREATE TABLE `money_type` (
  `id` int(255) NOT NULL,
  `name` varchar(2000) NOT NULL,
  `description` varchar(10000) DEFAULT NULL,
  `date_created` timestamp NOT NULL DEFAULT current_timestamp(),
  `date_updated` timestamp NOT NULL DEFAULT current_timestamp() ON UPDATE current_timestamp()
) ENGINE=InnoDB DEFAULT CHARSET=utf8;

--
-- Dumping data for table `money_type`
--

INSERT INTO `money_type` (`id`, `name`, `description`, `date_created`, `date_updated`) VALUES
(1, 'user_real', 'this is user\'s real money. can withdraw', '2019-07-25 06:09:00', '2019-07-25 06:09:00'),
(2, 'voucher', 'this money is gotten from certain commissions. cannot withdraw', '2019-07-25 06:09:00', '2019-07-25 06:09:00');

-- --------------------------------------------------------

--
-- Table structure for table `orders`
--

CREATE TABLE `orders` (
  `id` bigint(20) NOT NULL,
  `uid` varchar(255) NOT NULL,
  `username` varchar(200) DEFAULT NULL COMMENT 'account that login by user to make order',
  `bank_name` varchar(255) DEFAULT NULL,
  `bank_account_holder` varchar(255) DEFAULT NULL,
  `bank_account_no` int(255) DEFAULT NULL,
  `name` varchar(200) DEFAULT NULL COMMENT 'person to receive the product for delivery',
  `contactNo` varchar(20) DEFAULT NULL,
  `email` varchar(200) DEFAULT NULL,
  `address_line_1` varchar(2500) DEFAULT NULL,
  `address_line_2` varchar(2500) DEFAULT NULL,
  `address_line_3` varchar(2500) DEFAULT NULL,
  `city` varchar(500) DEFAULT NULL,
  `zipcode` varchar(100) DEFAULT NULL,
  `state` varchar(500) DEFAULT NULL,
  `country` varchar(500) DEFAULT NULL,
  `subtotal` decimal(50,0) DEFAULT NULL,
  `total` decimal(50,0) DEFAULT NULL COMMENT 'include postage fees',
  `payment_method` varchar(255) DEFAULT NULL,
  `payment_amount` int(255) DEFAULT NULL,
  `payment_bankreference` varchar(255) DEFAULT NULL,
  `payment_date` varchar(20) DEFAULT NULL,
  `payment_time` varchar(20) DEFAULT NULL,
  `payment_status` varchar(200) DEFAULT NULL COMMENT 'pending, accepted/completed, rejected, NULL = nothing',
  `shipping_status` varchar(200) DEFAULT NULL COMMENT 'pending, shipped, refunded',
  `shipping_method` varchar(200) DEFAULT NULL,
  `shipping_date` date DEFAULT NULL,
  `tracking_number` varchar(200) DEFAULT NULL,
  `reject_reason` varchar(255) DEFAULT NULL,
  `refund_method` varchar(255) DEFAULT NULL,
  `refund_amount` int(255) DEFAULT NULL,
  `refund_note` varchar(255) DEFAULT NULL,
  `refund_reason` varchar(255) DEFAULT NULL,
  `date_created` timestamp NOT NULL DEFAULT current_timestamp(),
  `date_updated` timestamp NOT NULL DEFAULT current_timestamp() ON UPDATE current_timestamp()
) ENGINE=InnoDB DEFAULT CHARSET=utf8;

--
-- Dumping data for table `orders`
--

INSERT INTO `orders` (`id`, `uid`, `username`, `bank_name`, `bank_account_holder`, `bank_account_no`, `name`, `contactNo`, `email`, `address_line_1`, `address_line_2`, `address_line_3`, `city`, `zipcode`, `state`, `country`, `subtotal`, `total`, `payment_method`, `payment_amount`, `payment_bankreference`, `payment_date`, `payment_time`, `payment_status`, `shipping_status`, `shipping_method`, `shipping_date`, `tracking_number`, `reject_reason`, `refund_method`, `refund_amount`, `refund_note`, `refund_reason`, `date_created`, `date_updated`) VALUES
(160, '92b7722e6804cf4b15c563ac5c9004b0', 'sergio', 'AMBANK (M) BERHAD', 'Sergio B', 5051616, 'sergioBB', '16160505', NULL, 'qqaa', 'qqww', NULL, 'qqee', '121', 'qqrr', 'qqtt', '1200', '1230', 'Online Banking', 1230, 'SSSEEEE', '2019-10-14', '18:03', 'ACCEPTED', 'SHIPPED', 'POSLAJU', '2019-10-25', 'ATHR3', NULL, NULL, NULL, NULL, NULL, '2019-10-14 10:02:27', '2019-10-18 07:17:02'),
(161, '92b7722e6804cf4b15c563ac5c9004b0', 'sergio', 'AMBANK (M) BERHAD', 'Sergio B', 5051616, 'GG', '55', NULL, 'GG', 'GGG', NULL, 'GGGG', '551', 'GGGG', 'GGGGG', '2700', '2730', 'CDM', 2730, 'ESRYHS', '2019-10-14', '18:10', 'PENDING', NULL, NULL, NULL, NULL, NULL, NULL, NULL, NULL, NULL, '2019-10-14 10:10:12', '2019-10-18 04:23:06'),
(164, 'a1a2e99ddbdd69b25d8cfa08b2af049e', 'messi', 'HONG LEONG BANK BERHAD', 'Lionel Andres Messi', 2147483647, 'Leo M', '11001010', NULL, 'Lionel', 'Andres', NULL, 'Messi', '1010', 'Barca', 'Argentina FC', '1800', '1830', 'Online Banking', 1830, 'ASD3322', '2019-10-15', '09:53', 'PENDING', NULL, NULL, NULL, NULL, NULL, NULL, NULL, NULL, NULL, '2019-10-15 01:52:27', '2019-10-18 06:05:35'),
(168, 'e809ed5b38535157bf9a163fa1225ade', 'martial', 'CIMB BANK BERHAD', 'Anthony Martial', 9091111, 'asd', '123123', NULL, 'qwe', 'asd', NULL, 'zxc', '123456', 'rty', 'fgh', '1500', '1530', 'Online Banking', 1530, 'DFGR54654', '2019-10-17', '11:45', 'ACCEPTED', 'REJECT AND REFUND', NULL, '2019-10-18', NULL, NULL, 'Online Banking', 1530, 'DUTR67', 'Out Of Our Delivery Zone', '2019-10-17 03:44:50', '2019-10-18 07:17:19'),
(170, 'e809ed5b38535157bf9a163fa1225ade', NULL, NULL, NULL, NULL, NULL, NULL, NULL, NULL, NULL, NULL, NULL, NULL, NULL, NULL, NULL, NULL, NULL, NULL, NULL, NULL, NULL, NULL, NULL, NULL, NULL, NULL, NULL, NULL, NULL, NULL, NULL, '2019-10-29 06:34:42', '2019-10-29 06:34:42'),
(171, 'e809ed5b38535157bf9a163fa1225ade', NULL, NULL, NULL, NULL, NULL, NULL, NULL, NULL, NULL, NULL, NULL, NULL, NULL, NULL, NULL, NULL, NULL, NULL, NULL, NULL, NULL, NULL, NULL, NULL, NULL, NULL, NULL, NULL, NULL, NULL, NULL, '2019-10-29 06:35:13', '2019-10-29 06:35:13');

-- --------------------------------------------------------

--
-- Table structure for table `product`
--

CREATE TABLE `product` (
  `id` bigint(20) NOT NULL,
  `name` varchar(5000) NOT NULL,
  `price` decimal(50,0) NOT NULL COMMENT 'With MYR as base and is in point system (RM1 = 100 point)',
  `stock` int(255) DEFAULT NULL,
  `display` int(20) DEFAULT 1,
  `type` int(255) NOT NULL DEFAULT 1 COMMENT '1 = normal product',
  `description` varchar(10000) DEFAULT NULL,
  `images` varchar(255) DEFAULT NULL,
  `date_created` timestamp NOT NULL DEFAULT current_timestamp(),
  `date_updated` timestamp NOT NULL DEFAULT current_timestamp() ON UPDATE current_timestamp()
) ENGINE=InnoDB DEFAULT CHARSET=utf8;

--
-- Dumping data for table `product`
--

INSERT INTO `product` (`id`, `name`, `price`, `stock`, `display`, `type`, `description`, `images`, `date_created`, `date_updated`) VALUES
(1, 'DCK Engine Oil Booster', '300', 1000, 1, 1, 'DCK ENGINE OIL BOOSTER', 'DCK-Engine-Oil-Booster.png', '2019-07-24 09:17:04', '2019-10-29 07:38:31'),
(2, 'DCK Synthetic Plus Motor Oil (SAE 5w – 30)', '300', 1000, 1, 1, 'DCK SYNTHETIC PLUS MOTOR OIL (SAE 5W – 30)', '5w.png', '2019-07-25 04:11:21', '2019-10-29 06:12:32'),
(5, 'DCK Synthetic Plus Motor Oil (SAE 10w – 40)', '300', 1000, 0, 1, 'DCK Synthetic Plus Motor Oil (SAE 10w – 40)', '10w.png', '2019-10-29 06:18:28', '2019-10-29 07:03:58');

-- --------------------------------------------------------

--
-- Table structure for table `product_images`
--

CREATE TABLE `product_images` (
  `productid` int(255) NOT NULL,
  `filename` varchar(255) COLLATE utf8_unicode_ci NOT NULL,
  `uploaded` timestamp NOT NULL DEFAULT current_timestamp() ON UPDATE current_timestamp(),
  `status` enum('1','0') COLLATE utf8_unicode_ci NOT NULL DEFAULT '1'
) ENGINE=InnoDB DEFAULT CHARSET=utf8 COLLATE=utf8_unicode_ci;

--
-- Dumping data for table `product_images`
--

INSERT INTO `product_images` (`productid`, `filename`, `uploaded`, `status`) VALUES
(0, 'martial.jpg', '2019-10-22 09:38:35', '1'),
(0, 'martial.jpg', '2019-10-22 09:43:56', '1'),
(0, 'martial.jpg', '2019-10-22 09:45:43', '1'),
(0, 'martial.jpg', '2019-10-22 09:49:38', '1');

-- --------------------------------------------------------

--
-- Table structure for table `product_orders`
--

CREATE TABLE `product_orders` (
  `id` bigint(20) NOT NULL,
  `product_id` bigint(20) NOT NULL,
  `order_id` bigint(20) NOT NULL,
  `quantity` int(10) NOT NULL,
  `final_price` decimal(50,0) NOT NULL COMMENT 'In points',
  `original_price` decimal(50,0) NOT NULL COMMENT 'In points',
  `discount_given` decimal(50,0) NOT NULL COMMENT 'in points',
  `totalProductPrice` decimal(50,0) NOT NULL,
  `date_created` timestamp NOT NULL DEFAULT current_timestamp(),
  `date_updated` timestamp NOT NULL DEFAULT current_timestamp() ON UPDATE current_timestamp()
) ENGINE=InnoDB DEFAULT CHARSET=utf8;

--
-- Dumping data for table `product_orders`
--

INSERT INTO `product_orders` (`id`, `product_id`, `order_id`, `quantity`, `final_price`, `original_price`, `discount_given`, `totalProductPrice`, `date_created`, `date_updated`) VALUES
(7, 1, 160, 2, '300', '300', '0', '600', '2019-10-14 10:02:27', '2019-10-14 10:02:27'),
(8, 2, 160, 2, '300', '300', '0', '600', '2019-10-14 10:02:27', '2019-10-14 10:02:27'),
(9, 1, 161, 5, '300', '300', '0', '1500', '2019-10-14 10:10:12', '2019-10-14 10:10:12'),
(10, 2, 161, 4, '300', '300', '0', '1200', '2019-10-14 10:10:12', '2019-10-14 10:10:12'),
(15, 1, 164, 3, '300', '300', '0', '900', '2019-10-15 01:52:27', '2019-10-15 01:52:27'),
(16, 2, 164, 3, '300', '300', '0', '900', '2019-10-15 01:52:27', '2019-10-15 01:52:27'),
(23, 1, 168, 3, '300', '300', '0', '900', '2019-10-17 03:44:50', '2019-10-17 03:44:50'),
(24, 2, 168, 2, '300', '300', '0', '600', '2019-10-17 03:44:50', '2019-10-17 03:44:50'),
(27, 2, 170, 2, '300', '300', '0', '600', '2019-10-29 06:34:42', '2019-10-29 06:34:42'),
(28, 2, 171, 2, '300', '300', '0', '600', '2019-10-29 06:35:13', '2019-10-29 06:35:13');

-- --------------------------------------------------------

--
-- Table structure for table `rate`
--

CREATE TABLE `rate` (
  `id` int(255) NOT NULL,
  `uid` varchar(255) NOT NULL,
  `referral_bonus` int(11) NOT NULL,
  `commission` int(11) NOT NULL,
  `conversion_point` int(11) NOT NULL,
  `charges_withdraw` int(11) NOT NULL,
  `point_voucher` int(11) NOT NULL
) ENGINE=InnoDB DEFAULT CHARSET=latin1;

--
-- Dumping data for table `rate`
--

INSERT INTO `rate` (`id`, `uid`, `referral_bonus`, `commission`, `conversion_point`, `charges_withdraw`, `point_voucher`) VALUES
(1, '', 20, 20, 20, 10, 100);

-- --------------------------------------------------------

--
-- Table structure for table `referral_history`
--

CREATE TABLE `referral_history` (
  `id` bigint(20) NOT NULL,
  `referrer_id` varchar(255) NOT NULL COMMENT 'the uid of the person that intro this user',
  `referral_id` varchar(255) NOT NULL COMMENT 'the uid of the person that gets invited to join this platform',
  `referral_name` varchar(255) NOT NULL,
  `current_level` int(100) NOT NULL,
  `top_referrer_id` varchar(100) NOT NULL COMMENT 'the topmost person''s uid',
  `date_created` timestamp NOT NULL DEFAULT current_timestamp(),
  `date_updated` timestamp NOT NULL DEFAULT current_timestamp() ON UPDATE current_timestamp()
) ENGINE=InnoDB DEFAULT CHARSET=utf8;

--
-- Dumping data for table `referral_history`
--

INSERT INTO `referral_history` (`id`, `referrer_id`, `referral_id`, `referral_name`, `current_level`, `top_referrer_id`, `date_created`, `date_updated`) VALUES
(24, 'dabdeb40d42d9d281ae442fcccd93895', '922297d52530e0d6f97cf74a1b809e9d', 'pogba', 1, 'dabdeb40d42d9d281ae442fcccd93895', '2019-10-08 06:14:35', '2019-10-14 03:05:03'),
(25, 'a1a2e99ddbdd69b25d8cfa08b2af049e', '92b7722e6804cf4b15c563ac5c9004b0', 'sergio', 1, 'a1a2e99ddbdd69b25d8cfa08b2af049e', '2019-10-08 06:22:47', '2019-10-14 03:05:19'),
(26, 'a1a2e99ddbdd69b25d8cfa08b2af049e', '46a679e1d54c1621f15f6891f757f828', 'pique', 1, 'a1a2e99ddbdd69b25d8cfa08b2af049e', '2019-10-08 06:23:26', '2019-10-14 03:06:05'),
(27, 'a1a2e99ddbdd69b25d8cfa08b2af049e', '810330430daf90a4dbefceb2cd9afe3b', 'roberto', 1, 'a1a2e99ddbdd69b25d8cfa08b2af049e', '2019-10-08 06:23:57', '2019-10-14 03:06:15'),
(28, '92b7722e6804cf4b15c563ac5c9004b0', '4346594e59924083d39554a6f2b76b04', 'rakitic', 2, 'a1a2e99ddbdd69b25d8cfa08b2af049e', '2019-10-08 06:24:34', '2019-10-14 03:07:01'),
(29, '92b7722e6804cf4b15c563ac5c9004b0', '769940cb8a6e7d58f682d90b234d4d23', 'umtiti', 2, 'a1a2e99ddbdd69b25d8cfa08b2af049e', '2019-10-08 06:25:00', '2019-10-14 03:07:50'),
(30, '769940cb8a6e7d58f682d90b234d4d23', '16de84169bb7a68b48bc123b51a13d23', 'frankie', 3, 'a1a2e99ddbdd69b25d8cfa08b2af049e', '2019-10-08 06:27:25', '2019-10-14 03:08:21'),
(31, '16de84169bb7a68b48bc123b51a13d23', '3a8a62e8bdbd9575c377aba2541655c9', 'firpo', 4, 'a1a2e99ddbdd69b25d8cfa08b2af049e', '2019-10-08 06:27:57', '2019-10-14 03:08:34'),
(40, '92b7722e6804cf4b15c563ac5c9004b0', '487c5224af1a78f18b045dcbc4fc8095', 'astu', 2, 'a1a2e99ddbdd69b25d8cfa08b2af049e', '2019-10-14 03:13:21', '2019-10-14 03:13:21'),
(53, 'a1a2e99ddbdd69b25d8cfa08b2af049e', '4ad1d1895525630b1b7ec8b7f5b4fa71', 'alba', 1, 'a1a2e99ddbdd69b25d8cfa08b2af049e', '2019-10-16 04:32:22', '2019-10-16 04:32:22'),
(54, 'a1a2e99ddbdd69b25d8cfa08b2af049e', 'ff73a1ca0017c41874674852822d5d49', 'vidal', 1, 'a1a2e99ddbdd69b25d8cfa08b2af049e', '2019-10-16 04:33:15', '2019-10-16 04:33:15'),
(55, 'a1a2e99ddbdd69b25d8cfa08b2af049e', '0b6c49d05d8b5e164354215d7f398c8d', 'todibo', 1, 'a1a2e99ddbdd69b25d8cfa08b2af049e', '2019-10-16 04:33:30', '2019-10-16 04:33:30'),
(65, 'dabdeb40d42d9d281ae442fcccd93895', '922297d52530e0d6f97cf74a1b809e9d', 'pogba', 1, 'dabdeb40d42d9d281ae442fcccd93895', '2019-10-07 22:14:35', '2019-10-13 19:05:03'),
(66, 'a1a2e99ddbdd69b25d8cfa08b2af049e', '92b7722e6804cf4b15c563ac5c9004b0', 'sergio', 1, 'a1a2e99ddbdd69b25d8cfa08b2af049e', '2019-10-07 22:22:47', '2019-10-13 19:05:19'),
(67, 'a1a2e99ddbdd69b25d8cfa08b2af049e', '46a679e1d54c1621f15f6891f757f828', 'pique', 1, 'a1a2e99ddbdd69b25d8cfa08b2af049e', '2019-10-07 22:23:26', '2019-10-13 19:06:05'),
(68, 'a1a2e99ddbdd69b25d8cfa08b2af049e', '810330430daf90a4dbefceb2cd9afe3b', 'roberto', 1, 'a1a2e99ddbdd69b25d8cfa08b2af049e', '2019-10-07 22:23:57', '2019-10-13 19:06:15'),
(69, '92b7722e6804cf4b15c563ac5c9004b0', '4346594e59924083d39554a6f2b76b04', 'rakitic', 2, 'a1a2e99ddbdd69b25d8cfa08b2af049e', '2019-10-07 22:24:34', '2019-10-13 19:07:01');

-- --------------------------------------------------------

--
-- Table structure for table `transaction_history`
--

CREATE TABLE `transaction_history` (
  `id` bigint(20) NOT NULL,
  `money_in` decimal(50,0) NOT NULL DEFAULT 0 COMMENT 'in points',
  `money_out` decimal(50,0) NOT NULL DEFAULT 0 COMMENT 'in points',
  `uid` varchar(255) NOT NULL,
  `target_uid` varchar(255) DEFAULT NULL COMMENT 'this is the uid for the targeted user. it can be a downline''s uid because upline can get commissions from his downline. therefore this target_uid shall be downline''s uid while the uid field above will be upline''s uid',
  `percentage` decimal(5,2) DEFAULT NULL COMMENT 'The percentage assigned to this transaction. Usually for commissions use only',
  `original_value` decimal(50,0) DEFAULT NULL COMMENT '(in point)the original value that has been given before calculating the percentage. Usually for commissions use only',
  `status` int(3) DEFAULT NULL COMMENT '1 = pending, 2 = accepted/completed, 3 = rejected, NULL = nothing',
  `level` int(10) DEFAULT NULL COMMENT 'can be group sales commission given by a downline at a level',
  `order_id` bigint(20) DEFAULT NULL COMMENT 'refers to a particular order in order table and it refers to another table that lists out all the products and quantity purchased in that table with order_id as foreign key',
  `transaction_type_id` int(255) NOT NULL,
  `money_type_id` int(255) DEFAULT NULL,
  `source_transaction_id` bigint(20) DEFAULT NULL COMMENT 'this is referring to this table''s own id. Might be needed when some previous transaction is triggering new transactions',
  `date_created` timestamp NOT NULL DEFAULT current_timestamp(),
  `date_updated` timestamp NOT NULL DEFAULT current_timestamp() ON UPDATE current_timestamp()
) ENGINE=InnoDB DEFAULT CHARSET=utf8;

-- --------------------------------------------------------

--
-- Table structure for table `transaction_type`
--

CREATE TABLE `transaction_type` (
  `id` int(255) NOT NULL,
  `name` varchar(2000) NOT NULL,
  `description` varchar(10000) DEFAULT NULL,
  `percentage` decimal(5,2) DEFAULT NULL COMMENT 'Percentage of the transaction, for example if transaction is withdrawal type, user need give 0.5% of total',
  `date_created` timestamp NOT NULL DEFAULT current_timestamp(),
  `date_updated` timestamp NOT NULL DEFAULT current_timestamp() ON UPDATE current_timestamp()
) ENGINE=InnoDB DEFAULT CHARSET=utf8;

--
-- Dumping data for table `transaction_type`
--

INSERT INTO `transaction_type` (`id`, `name`, `description`, `percentage`, `date_created`, `date_updated`) VALUES
(1, 'referral', 'user can get commission by referring people and the referred person must at least buy a product for the referral to get this commission', NULL, '2019-07-25 08:46:07', '2019-07-25 08:46:07'),
(2, 'group_sales', 'This is when the user\'s downline bought a product, he will get a percentage from it. up to 9 levels with each level having different percentage. please refer to group_commission table', NULL, '2019-07-25 09:15:08', '2019-07-25 09:15:08'),
(3, 'buy_product', 'This is when user purchase a product', NULL, '2019-07-26 01:35:16', '2019-07-26 01:35:16'),
(4, 'transfer', 'point transfer between members', '0.25', '2019-07-31 02:46:22', '2019-07-31 02:46:22'),
(5, 'withdraw', 'withdraw money and transfer to bank', '0.50', '2019-07-31 02:46:22', '2019-07-31 02:46:22');

-- --------------------------------------------------------

--
-- Table structure for table `transfer_point`
--

CREATE TABLE `transfer_point` (
  `id` int(11) NOT NULL,
  `send_uid` varchar(100) NOT NULL,
  `send_name` varchar(100) NOT NULL,
  `amount` int(11) NOT NULL,
  `receive_name` varchar(100) NOT NULL,
  `receive_uid` varchar(100) NOT NULL,
  `create_date` timestamp(3) NOT NULL DEFAULT current_timestamp(3),
  `status` text NOT NULL
) ENGINE=InnoDB DEFAULT CHARSET=latin1;

--
-- Dumping data for table `transfer_point`
--

INSERT INTO `transfer_point` (`id`, `send_uid`, `send_name`, `amount`, `receive_name`, `receive_uid`, `create_date`, `status`) VALUES
(0, 'a1a2e99ddbdd69b25d8cfa08b2af049e', 'messi', 150, 'astu', '487c5224af1a78f18b045dcbc4fc8095', '2019-10-29 01:43:21.487', 'RECEIVED');

-- --------------------------------------------------------

--
-- Table structure for table `user`
--

CREATE TABLE `user` (
  `uid` varchar(255) NOT NULL COMMENT 'random user id',
  `username` varchar(200) NOT NULL COMMENT 'For login probably if needed',
  `email` varchar(200) DEFAULT NULL COMMENT 'Can login with email too',
  `password` char(64) NOT NULL,
  `salt` char(64) NOT NULL,
  `phone_no` varchar(20) DEFAULT NULL,
  `ic_no` varchar(200) DEFAULT NULL,
  `country_id` int(10) DEFAULT NULL,
  `full_name` varchar(200) DEFAULT NULL,
  `epin` char(64) DEFAULT NULL,
  `salt_epin` char(64) DEFAULT NULL,
  `email_verification_code` varchar(10) DEFAULT NULL,
  `is_email_verified` tinyint(1) NOT NULL DEFAULT 1,
  `is_phone_verified` tinyint(1) NOT NULL DEFAULT 0,
  `login_type` int(2) NOT NULL DEFAULT 1 COMMENT '1 = normal',
  `user_type` int(2) NOT NULL DEFAULT 1 COMMENT '0 = admin, 1 = normal user',
  `downline_accumulated_points` decimal(50,0) NOT NULL DEFAULT 0 COMMENT 'RM1 = 100 point',
  `can_send_newsletter` tinyint(1) NOT NULL DEFAULT 0,
  `is_referred` tinyint(1) NOT NULL DEFAULT 0,
  `date_created` timestamp NOT NULL DEFAULT current_timestamp(),
  `date_updated` timestamp NOT NULL DEFAULT current_timestamp() ON UPDATE current_timestamp(),
  `address` varchar(255) DEFAULT NULL,
  `birthday` date DEFAULT NULL,
  `gender` varchar(255) DEFAULT NULL,
  `bank_name` varchar(255) DEFAULT NULL,
  `bank_account_holder` varchar(255) DEFAULT NULL,
  `bank_account_no` int(255) DEFAULT NULL,
  `car_model` varchar(200) DEFAULT NULL,
  `car_year` int(20) DEFAULT NULL,
  `picture_id` int(12) DEFAULT NULL,
  `register_downline_no` varchar(255) DEFAULT '0',
  `bonus` varchar(255) DEFAULT NULL,
  `final_amount` varchar(255) DEFAULT NULL,
  `point` varchar(255) DEFAULT NULL
) ENGINE=InnoDB DEFAULT CHARSET=utf8;

--
-- Dumping data for table `user`
--

INSERT INTO `user` (`uid`, `username`, `email`, `password`, `salt`, `phone_no`, `ic_no`, `country_id`, `full_name`, `epin`, `salt_epin`, `email_verification_code`, `is_email_verified`, `is_phone_verified`, `login_type`, `user_type`, `downline_accumulated_points`, `can_send_newsletter`, `is_referred`, `date_created`, `date_updated`, `address`, `birthday`, `gender`, `bank_name`, `bank_account_holder`, `bank_account_no`, `car_model`, `car_year`, `picture_id`, `register_downline_no`, `bonus`, `final_amount`, `point`) VALUES
('0b6c49d05d8b5e164354215d7f398c8d', 'todibo', 'todibo@gmail.com', '1b4e2d4b0d543b34310d26a6ee2ab29b2abe4a76127ca4a3138c7432d73cec40', 'cfd88465ea3f65e5847334d38b694ff45ee57e5b', '0606000666', '06066060', NULL, NULL, '7c8ed1def3a3cc7019d52c6b498dc50f5149d5603d2a35331c6402cae72c8de5', '24c356aa6510bca0d342055f1b9a0f9fc0836e6c', NULL, 1, 0, 1, 1, '0', 0, 1, '2019-10-16 04:33:30', '2019-10-23 08:38:25', NULL, NULL, 'Male', 'HONG LEONG BANK BERHAD', 'todibo', 2147483647, NULL, NULL, NULL, '0', NULL, NULL, '700'),
('16de84169bb7a68b48bc123b51a13d23', 'frankie', 'frankie21.barca@gmail.com', '25634b6e078ab7838ab81c46fedf29a1c630c131bdbf5be2e30214ce2f91ed91', 'd16b0afe5e9294c1244b326777b52fb352ff6a1b', NULL, '21211212', NULL, NULL, NULL, NULL, NULL, 1, 0, 1, 1, '0', 0, 1, '2019-10-08 06:27:25', '2019-10-08 06:27:25', NULL, NULL, NULL, NULL, NULL, NULL, NULL, NULL, NULL, '0', NULL, NULL, NULL),
('3a8a62e8bdbd9575c377aba2541655c9', 'firpo', 'firpo24.barca@gmail.com', '23e01de010dd71178dad0a77e4c460c8e5904fec17ee23d6109adadf47719b34', '1ab90b499fe197be3484eb11e76ddcf9e929f854', NULL, '24244242', NULL, NULL, NULL, NULL, NULL, 1, 0, 1, 1, '0', 0, 1, '2019-10-08 06:27:57', '2019-10-08 06:27:57', NULL, NULL, NULL, NULL, NULL, NULL, NULL, NULL, NULL, '0', NULL, NULL, NULL),
('4346594e59924083d39554a6f2b76b04', 'rakitic', 'rakitic04.barca@gmail.com', '6829701ce78412824b6e69c7010e9f2a72c6b7ff12224cc91aa8a4723758d33a', '4f51ef199306fcfa5dbcff3fe0cb42cec15bce1a', NULL, '04044040', NULL, NULL, NULL, NULL, NULL, 1, 0, 1, 1, '0', 0, 1, '2019-10-08 06:24:34', '2019-10-29 01:40:13', NULL, NULL, NULL, NULL, NULL, NULL, NULL, NULL, NULL, '0', NULL, NULL, '400'),
('46a679e1d54c1621f15f6891f757f828', 'pique', 'pique03.barca@gmail.com', 'dc993f031730ad6d647901c4f493039ecd6c8d01c26593bfc729e8acdf1a2182', '4b86b21ec993805e53dd1362d2016183666d8c65', NULL, '03033030', NULL, NULL, NULL, NULL, NULL, 1, 0, 1, 1, '0', 0, 1, '2019-10-08 06:23:26', '2019-10-08 06:23:26', NULL, NULL, NULL, NULL, NULL, NULL, NULL, NULL, NULL, '0', NULL, NULL, NULL),
('487c5224af1a78f18b045dcbc4fc8095', 'astu', NULL, 'c834f78043dd2929344d0b93d1e08d938db241d8b44b4b7285bd79af6cf2dd2d', '33d04057acba0d05545fb3411921c1b947e61e10', NULL, '24244444', NULL, 'AAAAAAA', NULL, NULL, NULL, 1, 0, 1, 1, '0', 0, 1, '2019-10-14 03:13:21', '2019-10-29 01:43:21', NULL, NULL, NULL, NULL, NULL, NULL, NULL, NULL, NULL, '0', NULL, NULL, '150'),
('4ad1d1895525630b1b7ec8b7f5b4fa71', 'alba', NULL, '6689a22ace4574478a177acab3a97db7b0b3c1269c21a6521d8da09da6c9e3e7', '1838a74103d4ee64b258ddb5ec1c370bf1886adb', NULL, '18188181', NULL, NULL, NULL, NULL, NULL, 1, 0, 1, 1, '0', 0, 1, '2019-10-16 04:32:22', '2019-10-16 04:32:22', NULL, NULL, NULL, NULL, NULL, NULL, NULL, NULL, NULL, '0', NULL, NULL, NULL),
('769940cb8a6e7d58f682d90b234d4d23', 'umtiti', 'umtiti23.barca@gmail.com', '930596d313f24c8a4ec9aedc24e08e0faddec384661bf00eb2d816dba0142d0b', 'fe29a37ac312eee95fdf8914e24e8d31c1221f12', NULL, '23233232', NULL, NULL, NULL, NULL, NULL, 1, 0, 1, 1, '0', 0, 1, '2019-10-08 06:25:00', '2019-10-23 10:07:13', NULL, NULL, NULL, NULL, NULL, NULL, NULL, NULL, NULL, '0', NULL, NULL, '20'),
('810330430daf90a4dbefceb2cd9afe3b', 'roberto', 'roberto20.barca@gmail.com', 'dc2e03758e29cf759b62124d96a9714e01c47233cab9a04661633eed771c71b2', '17f68ea228d9104eae86313d2e54fd1fc23b3b82', NULL, '20200202', NULL, NULL, NULL, NULL, NULL, 1, 0, 1, 1, '0', 0, 1, '2019-10-08 06:23:57', '2019-10-08 06:23:57', NULL, NULL, NULL, NULL, NULL, NULL, NULL, NULL, NULL, '0', NULL, NULL, NULL),
('922297d52530e0d6f97cf74a1b809e9d', 'pogba', '', '74e7d47a145b8e79dc41609b941e3c80b849bd9ce6ae5f5875a7d31ba8404b9d', '37942af7e32cdb1a8136f0861da86a1d00446a59', NULL, '06066060', NULL, NULL, NULL, NULL, NULL, 1, 0, 1, 1, '0', 0, 1, '2019-10-08 06:14:35', '2019-10-23 08:26:09', NULL, NULL, NULL, NULL, NULL, NULL, NULL, NULL, NULL, '0', NULL, NULL, '500'),
('92b7722e6804cf4b15c563ac5c9004b0', 'sergio', 'sergio06.barca@gmail.com', '98fe338bed72ec4e30f7aea6435c9191206aca84bbd2108b166d05946903a520', '20eae7d9ca144fd26102a60eea3803a4c3b59915', NULL, '05055050', NULL, NULL, '30d5eec4bda4cfd6d5f9ef3a93b58014eb20419921d635a738ed440f2cac590d', 'b548f9a3297dc40ef64c280a943ed0fed5cab559', NULL, 1, 0, 1, 1, '0', 0, 1, '2019-10-08 06:22:47', '2019-10-23 10:07:13', NULL, NULL, NULL, 'AMBANK (M) BERHAD', 'Sergio B', 5051616, NULL, NULL, NULL, '0', NULL, NULL, '125'),
('a1a2e99ddbdd69b25d8cfa08b2af049e', 'messi', 'messi10.barca@gmail.com', '346396240a5ba76a2b58278bedf6b350bd61da1f1ef5185ab5229694dcc8b24b', '6fe0d900fe88adbaac672b410d82963198d132da', '123321', '10010011', NULL, 'Lionel Andres Messi', 'd466bd566899f413bb01eee32ed36776e195bf037d246f176eda60298e9e43f4', '3918fc40991edab8e74e8ce6e1b5426e57e45ead', NULL, 1, 0, 1, 1, '0', 0, 0, '2019-10-08 06:09:15', '2019-10-29 01:43:21', 'FC Barca', '1980-05-12', 'Male', 'PUBLIC BANK BERHAD', 'Lionel Andres Messi', 10100606, 'Kancil', 1997, NULL, '3', '350', '800', '750'),
('dabdeb40d42d9d281ae442fcccd93895', 'young', 'young18.mu@gmail.com', '23325e027fae92f650a4f62e5659f583f847c71fb21418b88a96f63bbc068135', 'f6961038e9a2512d5c04a57df376278051819302', '18188181', '18188181', NULL, 'Ashlry Young', '66cdefabae30b312174b44a1691b318f7afadd19007d829c5d58915b298002c4', '5239b217ed927d4a40cd9b527b51c348a32d3472', NULL, 1, 0, 1, 1, '0', 0, 0, '2019-10-08 06:09:50', '2019-10-16 04:29:06', 'asd asd', '1998-04-15', 'Male', 'CIMB BANK BERHAD', 'Ashley Young', 18188180, 'kancil', 2001, NULL, '0', NULL, NULL, '250'),
('e809ed5b38535157bf9a163fa1225ade', 'martial', 'martial09.mu@gmail.com', '33030009045ddab5244b47480e12c25eb7c8ca7db4251ae69d19fed7672cbbcb', '805949cc73f5a6e3846e737d56a1e8968dd0228a', NULL, '09091111', NULL, NULL, NULL, NULL, NULL, 1, 0, 1, 0, '0', 0, 0, '2019-10-08 06:08:10', '2019-10-22 09:16:32', NULL, NULL, 'Male', 'HONG LEONG BANK BERHAD', NULL, NULL, NULL, NULL, NULL, '0', NULL, NULL, NULL),
('ff73a1ca0017c41874674852822d5d49', 'vidal', 'vidal22.barca@gmail.com', 'cf3c1279d546fc6a6e525bf3e1589a5459d4946e337a14e90b09d5cd1647c4c1', '2dc83516253ff3a7f26ec4827fb8eb923d3e8209', NULL, '222222', NULL, NULL, NULL, NULL, NULL, 1, 0, 1, 1, '0', 0, 1, '2019-10-16 04:33:15', '2019-10-16 04:33:15', NULL, NULL, NULL, NULL, NULL, NULL, NULL, NULL, NULL, '0', NULL, NULL, NULL),
('ff9f6c11683ef4cecc41be3a5c0a7e66', 'ole', 'ole.mu@gg.cc', '4c673b5c9519a2a0760753925efad69071cb6a58f3bcc8389a5f52b4b1aa8280', 'f3231a4d0ce7bd71387a17429c54e5091c9065f9', '00112233', NULL, NULL, 'Ole S Gunner', NULL, NULL, NULL, 1, 0, 1, 0, '0', 0, 0, '2019-10-17 03:22:00', '2019-10-17 03:22:00', NULL, NULL, NULL, NULL, NULL, NULL, NULL, NULL, NULL, '0', NULL, NULL, NULL);

-- --------------------------------------------------------

--
-- Table structure for table `withdrawal`
--

CREATE TABLE `withdrawal` (
  `uid` varchar(255) NOT NULL,
  `withdrawal_number` int(255) NOT NULL,
  `withdrawal_status` text NOT NULL,
  `contact` int(255) NOT NULL,
  `date_created` timestamp(6) NOT NULL DEFAULT current_timestamp(6) ON UPDATE current_timestamp(6),
  `date_updated` timestamp(6) NOT NULL DEFAULT current_timestamp(6),
  `amount` int(255) NOT NULL,
  `final_amount` int(255) NOT NULL,
  `withdrawal_method` varchar(255) NOT NULL,
  `withdrawal_amount` int(255) NOT NULL DEFAULT 0,
  `withdrawal_note` varchar(255) NOT NULL,
  `username` varchar(255) NOT NULL,
  `bank_name` varchar(255) NOT NULL,
  `acc_number` int(255) NOT NULL,
  `point` int(255) NOT NULL,
  `owner` varchar(255) NOT NULL,
  `receipt` varchar(200) NOT NULL,
  `name` varchar(11) NOT NULL
) ENGINE=InnoDB DEFAULT CHARSET=latin1;

--
-- Dumping data for table `withdrawal`
--

INSERT INTO `withdrawal` (`uid`, `withdrawal_number`, `withdrawal_status`, `contact`, `date_created`, `date_updated`, `amount`, `final_amount`, `withdrawal_method`, `withdrawal_amount`, `withdrawal_note`, `username`, `bank_name`, `acc_number`, `point`, `owner`, `receipt`, `name`) VALUES
('a1a2e99ddbdd69b25d8cfa08b2af049e', 2, 'ACCEPTED', 123321, '2019-10-23 03:41:04.884980', '2019-10-23 03:40:31.036522', 190, 1000, 'Online Banking', 190, 'OK', 'LIO MESSI', 'CIMB', 2147483647, 0, 'messi', 'martial.jpg', ''),
('a1a2e99ddbdd69b25d8cfa08b2af049e', 3, 'REJECTED', 123321, '2019-10-23 03:44:01.304444', '2019-10-23 03:42:53.880252', 90, 1000, 'iPay88', 90, 'LOL', 'SADF', 'HLB', 12312321, 0, 'messi', 'maguire.jpg', '');

--
-- Indexes for dumped tables
--

--
-- Indexes for table `announcement`
--
ALTER TABLE `announcement`
  ADD PRIMARY KEY (`announce_id`);

--
-- Indexes for table `bonus`
--
ALTER TABLE `bonus`
  ADD PRIMARY KEY (`id`),
  ADD KEY `referral_id` (`referral_id`);

--
-- Indexes for table `cash_to_point`
--
ALTER TABLE `cash_to_point`
  ADD PRIMARY KEY (`id`);

--
-- Indexes for table `countries`
--
ALTER TABLE `countries`
  ADD PRIMARY KEY (`id`);

--
-- Indexes for table `group_commission`
--
ALTER TABLE `group_commission`
  ADD PRIMARY KEY (`id`),
  ADD KEY `transactionTypeIdGroupCommission_relateTo_transactionTypeId` (`transaction_type_id`);

--
-- Indexes for table `images`
--
ALTER TABLE `images`
  ADD PRIMARY KEY (`pid`);

--
-- Indexes for table `money_type`
--
ALTER TABLE `money_type`
  ADD PRIMARY KEY (`id`);

--
-- Indexes for table `orders`
--
ALTER TABLE `orders`
  ADD PRIMARY KEY (`id`);

--
-- Indexes for table `product`
--
ALTER TABLE `product`
  ADD PRIMARY KEY (`id`);

--
-- Indexes for table `product_orders`
--
ALTER TABLE `product_orders`
  ADD PRIMARY KEY (`id`),
  ADD KEY `productIdTransactionHistory_relateTo_productId` (`product_id`),
  ADD KEY `orderIdProductOrders_relateTo_orderId` (`order_id`);

--
-- Indexes for table `rate`
--
ALTER TABLE `rate`
  ADD PRIMARY KEY (`id`);

--
-- Indexes for table `referral_history`
--
ALTER TABLE `referral_history`
  ADD PRIMARY KEY (`id`),
  ADD KEY `referralIdReferralHistory_relateTo_userId` (`referral_id`),
  ADD KEY `referrerIdReferralHistory_relateTo_userId` (`referrer_id`),
  ADD KEY `topReferrerIdReferralHistory_relateTo_userId` (`top_referrer_id`);

--
-- Indexes for table `transaction_history`
--
ALTER TABLE `transaction_history`
  ADD PRIMARY KEY (`id`),
  ADD KEY `uidTransactionHistory_relateTo_userId` (`uid`),
  ADD KEY `targetUidTransactionHistory_relateTo_userId` (`target_uid`),
  ADD KEY `transactionTypeIdTransactionHistory_relateTo_transactionTypeId` (`transaction_type_id`),
  ADD KEY `moneyTypeIdTransactionHistory_relateTo_moneyTypeId` (`money_type_id`),
  ADD KEY `sourceTransactionIdTransactionHistory_relateTo_self` (`source_transaction_id`),
  ADD KEY `orderIdTransactionHistory_relateTo_orderId` (`order_id`);

--
-- Indexes for table `transaction_type`
--
ALTER TABLE `transaction_type`
  ADD PRIMARY KEY (`id`);

--
-- Indexes for table `transfer_point`
--
ALTER TABLE `transfer_point`
  ADD PRIMARY KEY (`id`);

--
-- Indexes for table `user`
--
ALTER TABLE `user`
  ADD PRIMARY KEY (`uid`),
  ADD UNIQUE KEY `username` (`username`),
  ADD UNIQUE KEY `email` (`email`),
  ADD KEY `countryIdUser_relateTo_countryId` (`country_id`);

--
-- Indexes for table `withdrawal`
--
ALTER TABLE `withdrawal`
  ADD PRIMARY KEY (`withdrawal_number`);

--
-- AUTO_INCREMENT for dumped tables
--

--
-- AUTO_INCREMENT for table `announcement`
--
ALTER TABLE `announcement`
  MODIFY `announce_id` int(255) NOT NULL AUTO_INCREMENT, AUTO_INCREMENT=10;

--
-- AUTO_INCREMENT for table `bonus`
--
ALTER TABLE `bonus`
  MODIFY `id` bigint(20) NOT NULL AUTO_INCREMENT, AUTO_INCREMENT=6;

--
-- AUTO_INCREMENT for table `cash_to_point`
--
ALTER TABLE `cash_to_point`
  MODIFY `id` int(11) NOT NULL AUTO_INCREMENT, AUTO_INCREMENT=2;

--
-- AUTO_INCREMENT for table `countries`
--
ALTER TABLE `countries`
  MODIFY `id` int(11) NOT NULL AUTO_INCREMENT, AUTO_INCREMENT=247;

--
-- AUTO_INCREMENT for table `group_commission`
--
ALTER TABLE `group_commission`
  MODIFY `id` int(255) NOT NULL AUTO_INCREMENT, AUTO_INCREMENT=15;

--
-- AUTO_INCREMENT for table `images`
--
ALTER TABLE `images`
  MODIFY `pid` int(255) NOT NULL AUTO_INCREMENT, AUTO_INCREMENT=132;

--
-- AUTO_INCREMENT for table `money_type`
--
ALTER TABLE `money_type`
  MODIFY `id` int(255) NOT NULL AUTO_INCREMENT, AUTO_INCREMENT=3;

--
-- AUTO_INCREMENT for table `orders`
--
ALTER TABLE `orders`
  MODIFY `id` bigint(20) NOT NULL AUTO_INCREMENT, AUTO_INCREMENT=172;

--
-- AUTO_INCREMENT for table `product`
--
ALTER TABLE `product`
  MODIFY `id` bigint(20) NOT NULL AUTO_INCREMENT, AUTO_INCREMENT=9223372036854775807;

--
-- AUTO_INCREMENT for table `product_orders`
--
ALTER TABLE `product_orders`
  MODIFY `id` bigint(20) NOT NULL AUTO_INCREMENT, AUTO_INCREMENT=29;

--
-- AUTO_INCREMENT for table `rate`
--
ALTER TABLE `rate`
  MODIFY `id` int(255) NOT NULL AUTO_INCREMENT, AUTO_INCREMENT=2;

--
-- AUTO_INCREMENT for table `referral_history`
--
ALTER TABLE `referral_history`
  MODIFY `id` bigint(20) NOT NULL AUTO_INCREMENT, AUTO_INCREMENT=70;

--
-- AUTO_INCREMENT for table `transaction_history`
--
ALTER TABLE `transaction_history`
  MODIFY `id` bigint(20) NOT NULL AUTO_INCREMENT;

--
-- AUTO_INCREMENT for table `transaction_type`
--
ALTER TABLE `transaction_type`
  MODIFY `id` int(255) NOT NULL AUTO_INCREMENT, AUTO_INCREMENT=6;

--
-- AUTO_INCREMENT for table `withdrawal`
--
ALTER TABLE `withdrawal`
  MODIFY `withdrawal_number` int(255) NOT NULL AUTO_INCREMENT, AUTO_INCREMENT=4;

--
-- Constraints for dumped tables
--

--
-- Constraints for table `bonus`
--
ALTER TABLE `bonus`
  ADD CONSTRAINT `bonus_ibfk_1` FOREIGN KEY (`referral_id`) REFERENCES `user` (`uid`);

--
-- Constraints for table `group_commission`
--
ALTER TABLE `group_commission`
  ADD CONSTRAINT `transactionTypeIdGroupCommission_relateTo_transactionTypeId` FOREIGN KEY (`transaction_type_id`) REFERENCES `transaction_type` (`id`) ON UPDATE CASCADE;

--
-- Constraints for table `product_orders`
--
ALTER TABLE `product_orders`
  ADD CONSTRAINT `orderIdProductOrders_relateTo_orderId` FOREIGN KEY (`order_id`) REFERENCES `orders` (`id`) ON UPDATE CASCADE,
  ADD CONSTRAINT `productIdTransactionHistory_relateTo_productId` FOREIGN KEY (`product_id`) REFERENCES `product` (`id`) ON UPDATE CASCADE;

--
-- Constraints for table `referral_history`
--
ALTER TABLE `referral_history`
  ADD CONSTRAINT `referralIdReferralHistory_relateTo_userId` FOREIGN KEY (`referral_id`) REFERENCES `user` (`uid`) ON UPDATE CASCADE,
  ADD CONSTRAINT `referrerIdReferralHistory_relateTo_userId` FOREIGN KEY (`referrer_id`) REFERENCES `user` (`uid`) ON UPDATE CASCADE,
  ADD CONSTRAINT `topReferrerIdReferralHistory_relateTo_userId` FOREIGN KEY (`top_referrer_id`) REFERENCES `user` (`uid`) ON UPDATE CASCADE;

--
-- Constraints for table `transaction_history`
--
ALTER TABLE `transaction_history`
  ADD CONSTRAINT `moneyTypeIdTransactionHistory_relateTo_moneyTypeId` FOREIGN KEY (`money_type_id`) REFERENCES `money_type` (`id`) ON UPDATE CASCADE,
  ADD CONSTRAINT `orderIdTransactionHistory_relateTo_orderId` FOREIGN KEY (`order_id`) REFERENCES `orders` (`id`) ON UPDATE CASCADE,
  ADD CONSTRAINT `sourceTransactionIdTransactionHistory_relateTo_self` FOREIGN KEY (`source_transaction_id`) REFERENCES `transaction_history` (`id`) ON UPDATE CASCADE,
  ADD CONSTRAINT `targetUidTransactionHistory_relateTo_userId` FOREIGN KEY (`target_uid`) REFERENCES `user` (`uid`) ON UPDATE CASCADE,
  ADD CONSTRAINT `transactionTypeIdTransactionHistory_relateTo_transactionTypeId` FOREIGN KEY (`transaction_type_id`) REFERENCES `transaction_type` (`id`) ON UPDATE CASCADE,
  ADD CONSTRAINT `uidTransactionHistory_relateTo_userId` FOREIGN KEY (`uid`) REFERENCES `user` (`uid`) ON UPDATE CASCADE;

--
-- Constraints for table `user`
--
ALTER TABLE `user`
  ADD CONSTRAINT `countryIdUser_relateTo_countryId` FOREIGN KEY (`country_id`) REFERENCES `countries` (`id`) ON UPDATE CASCADE;
COMMIT;

/*!40101 SET CHARACTER_SET_CLIENT=@OLD_CHARACTER_SET_CLIENT */;
/*!40101 SET CHARACTER_SET_RESULTS=@OLD_CHARACTER_SET_RESULTS */;
/*!40101 SET COLLATION_CONNECTION=@OLD_COLLATION_CONNECTION */;
